,Hours_Australia,Hours_Austria,Hours_Canada,Hours_Finland,Hours_France,Hours_Germany,Hours_Ireland,Hours_Italy,Hours_Japan,Hours_Korea,Hours_Norway,Hours_Spain,Hours_Sweden,Hours_UK,Hours_US
03/31/60,,2072.065475,2138.57,2103.42,2196.435222,2185.01,2387.919116,2181.73,2177.12655,,2017.000956,,,,1933.58
06/30/60,,2074.702596,2133.55,2093.60,2198.696614,2194.12,2390.326727,2176.54,2181.42228,,2036.666587,,,,1942.13
09/30/60,,2070.488845,2135.93,2078.61,2196.264396,2181.96,2388.334954,2180.10,2174.426091,,2020.406793,,,,1944.14
12/31/60,,2067.343072,2131.24,2079.50,2187.898492,2176.27,2397.209357,2160.77,2181.336345,,2006.773148,,,,1928.32
03/31/61,,2063.132959,2112.57,2051.94,2175.428827,2171.10,2391.450848,2181.03,2181.709339,,2006.907302,,,,1924.91
06/30/61,,2058.349791,2106.44,2090.96,2171.291807,2163.18,2400.180419,2174.17,2171.427915,,2003.962558,,,,1915.45
09/30/61,,2058.143941,2110.65,2099.77,2169.598525,2154.52,2392.730796,2142.56,2186.286863,,2000.799504,,,,1921.09
12/31/61,,2052.944409,2113.13,2108.41,2174.821989,2144.41,2391.417799,2133.33,2182.907684,,2009.290417,,,,1926.49
03/31/62,,2048.814357,2110.06,2085.35,2184.888017,2138.29,2394.589144,2120.97,2187.03796,,1994.723975,,,,1936.07
06/30/62,,2048.616311,2110.77,2092.53,2186.376436,2126.42,2395.333688,2109.08,2166.451396,,2029.028839,,,,1947.11
09/30/62,,2043.143609,2114.01,2059.56,2187.152769,2114.64,2403.367483,2103.92,2142.739375,,1970.298425,,,,1946.54
12/31/62,,2039.967934,2099.90,2085.22,2188.821655,2101.63,2394.479254,2100.94,2137.877185,,1971.013351,,,,1938.51
03/31/63,,2037.962955,2102.34,2075.41,2171.152075,2090.21,2397.656273,2078.09,2129.068745,,1963.677231,,,,1932.59
06/30/63,,2034.901883,2099.09,2069.53,2168.985488,2088.92,2391.555954,2095.29,2149.045459,,2034.157584,,,,1934.41
09/30/63,,2031.420694,2092.94,2087.25,2170.161993,2086.16,2406.526418,2101.66,2163.501404,,1943.779338,,,,1926.12
12/31/63,,2028.230012,2080.07,2074.25,2172.827629,2095.51,2404.020632,2099.82,2164.418436,,1987.517815,,,,1926.93
03/31/64,,2024.814214,2087.88,2097.61,2177.817371,2097.68,2405.892771,2098.88,2159.682291,,2005.86215,,,,1927.98
06/30/64,,2021.241021,2088.75,2120.54,2182.947667,2104.65,2405.550393,2093.09,2167.71537,,2002.617937,,,,1938.82
09/30/64,,2018.235759,2082.01,2111.72,2182.67433,2102.03,2399.366275,2089.01,2156.980748,,1999.676037,,,,1935.91
12/31/64,,2016.195662,2071.58,2082.07,2175.750646,2100.50,2400.939546,2069.87,2153.737775,,1960.90098,,,,1941.44
03/31/65,,2012.05275,2072.90,2113.87,2169.029538,2103.73,2397.65771,2036.73,2152.983888,,1946.682639,,,,1957.56
06/30/65,,2008.023792,2066.47,2103.85,2166.799442,2085.84,2415.517433,2030.05,2134.614513,,1933.444144,,,,1956.18
09/30/65,,2006.15072,2060.19,2107.48,2165.577391,2081.79,2404.736103,2021.27,2137.441769,,1964.629221,,,,1952.09
12/31/65,,2006.232728,2058.29,2086.74,2165.692892,2077.42,2405.827446,2030.60,2136.880932,,1944.637989,,,,1958.60
03/31/66,,2002.465827,2049.05,2071.13,2165.269148,2072.35,2399.443713,2037.82,2143.980326,,1946.381977,,,,1971.60
06/30/66,,1997.734718,2032.96,2051.84,2163.178616,2062.98,2411.715415,2038.02,2147.481657,,1915.213882,,,,1966.51
09/30/66,,1993.721257,2032.41,2092.71,2159.4403,2060.37,2412.938271,2053.43,2150.366792,,1955.687279,,,,1960.89
12/31/66,,1990.511521,2034.89,2094.82,2151.162335,2048.91,2411.631,2061.46,2152.174466,,1976.103368,,,,1957.56
03/31/67,,1988.16519,2028.85,2050.63,2137.85584,2035.42,2411.054367,2079.57,2166.118776,,1967.881271,,,,1952.42
06/30/67,,1984.04676,2028.47,2074.34,2127.479623,2019.25,2408.80196,2070.78,2160.3533,,1972.395513,,,,1938.68
09/30/67,,1981.91815,2028.51,2039.95,2122.625173,2020.14,2413.624334,2061.59,2162.079364,,1882.481594,,,,1940.28
12/31/67,,1978.274333,2023.28,2076.60,2118.859399,2017.59,2414.237446,2078.85,2161.595547,,1906.747911,,,,1936.84
03/31/68,,1971.12089,2007.24,2067.52,2120.39558,2014.92,2412.458953,2062.03,2159.417345,,1936.444425,,,,1934.41
06/30/68,,1970.11359,2007.84,2035.36,2114.521539,2014.37,2412.124399,2063.26,2178.3158,,1902.752118,,,,1936.24
09/30/68,,1972.336154,2002.02,2031.87,2099.675299,2009.10,2414.808718,2064.73,2164.153796,,1866.157631,,,,1942.91
12/31/68,,1970.807134,1995.51,2041.85,2080.06706,2005.92,2420.315745,2076.77,2160.290848,,1868.444086,,,,1938.61
03/31/69,,1971.218613,1994.79,2034.79,2054.618956,2001.63,2421.449454,2070.23,2147.047314,,1854.675308,,,,1945.87
06/30/69,,1969.130565,1988.67,2087.95,2033.883489,1998.88,2423.817236,2078.94,2160.603755,,1860.798274,,,,1940.79
09/30/69,,1955.332154,1984.63,1997.31,2018.326996,1987.11,2410.562459,2073.87,2156.454283,,1840.744939,,,,1939.84
12/31/69,,1940.669768,1968.13,1979.43,2011.313466,1976.57,2415.868373,2035.73,2145.938959,,1825.939087,,,,1929.69
03/31/70,2066.69,1923.283573,1975.66,2034.74,2009.147836,1974.98,2424.539429,2055.97,2145.674756,2396.639058,1763.360287,,,,1910.32
06/30/70,2070.64,1907.84543,1970.08,1945.63,2008.260204,1985.84,2424.210716,2053.04,2142.544187,2400.465561,1859.093334,,,,1898.55
09/30/70,2070.07,1884.74434,1965.64,2018.13,2010.592893,1970.72,2419.152776,2038.63,2143.878199,2414.026663,1901.880066,,,,1885.67
12/31/70,2061.22,1888.348868,1952.48,2036.06,2014.00934,1972.56,2415.78431,2027.07,2137.844494,2422.587062,1801.928731,,,,1885.01
03/31/71,2053.36,1890.524864,1949.62,1972.90,2017.583919,1947.96,2408.460618,2012.19,2140.873416,2436.221065,1829.118023,,,1825.75,1881.71
06/30/71,2050.18,1891.932808,1953.00,1964.24,2016.109573,1953.95,2402.9106,1990.53,2136.272026,2448.989432,1793.670994,,,1825.16,1881.07
09/30/71,2044.21,1895.772561,1951.97,1998.30,2008.678627,1946.39,2406.067328,1987.66,2119.328738,2483.230463,1802.909906,,,1827.89,1877.58
12/31/71,2040.91,1905.980867,1948.96,1957.09,1995.631175,1927.61,2398.307008,1976.15,2141.385316,2505.320199,1812.728196,,,1833.68,1874.95
03/31/72,2038.29,1915.492947,1930.58,1979.87,1974.821102,1922.88,2390.608777,1985.83,2129.990914,2523.651119,1772.472224,,,1841.06,1883.44
06/30/72,2025.41,1920.017799,1933.64,1970.53,1958.502248,1923.12,2384.99412,1976.83,2126.959855,2516.478292,1794.263808,,,1847.65,1878.87
09/30/72,2018.72,1919.622861,1935.63,1939.31,1948.395432,1917.07,2379.092707,1971.85,2142.460274,2529.606468,1764.101267,,,1852.23,1875.48
12/31/72,2018.27,1909.121938,1935.36,1937.91,1943.914534,1908.67,2377.121996,1955.97,2150.479255,2544.068095,1775.836871,,,1855.44,1869.49
03/31/73,2012.45,1895.24575,1927.99,1972.45,1945.44074,1897.88,2382.396037,1962.88,2145.828735,2557.561197,1776.610472,,,1857.58,1874.12
06/30/73,2007.45,1898.284845,1924.22,1947.95,1944.171794,1890.15,2374.430742,1943.62,2135.240454,2569.126132,1756.465036,,,1858.83,1877.98
09/30/73,2008.46,1913.17031,1919.51,1908.05,1939.566382,1889.00,2361.404172,1955.05,2113.750918,2570.914749,1763.224062,,,1858.79,1881.26
12/31/73,2016.35,1937.543529,1923.29,1934.24,1932.342708,1874.53,2361.631248,1964.87,2098.926447,2592.233296,1754.479411,,,1857.16,1869.91
03/31/74,2023.30,1976.671426,1924.01,1960.20,1922.864778,1873.07,2349.329161,1943.15,2088.514504,2616.19227,1744.809005,,1628.12914,1853.46,1861.36
06/30/74,2033.55,1996.818755,1913.52,1956.32,1914.384328,1861.94,2338.199877,1930.84,2066.271323,2635.777316,1738.892372,,1631.066898,1847.98,1849.32
09/30/74,2035.98,2003.721593,1903.00,1960.23,1905.572573,1856.67,2327.342602,1923.26,2062.594794,2625.05564,1743.569209,,1625.888415,1840.18,1846.18
12/31/74,2023.84,1983.208214,1894.16,1861.60,1894.483544,1827.68,2317.117499,1905.06,2039.760151,2612.845827,1739.66561,,1616.485672,1830.79,1838.02
03/31/75,2018.93,1948.360973,1891.52,1931.02,1882.554008,1827.83,2319.185915,1915.79,2024.25695,2620.603744,1692.918775,,1606.629997,1822.23,1820.02
06/30/75,2018.29,1923.254965,1886.08,1907.00,1878.286051,1808.57,2324.890066,1902.70,2038.195988,2632.598931,1742.340011,,1596.37716,1813.84,1814.90
09/30/75,2012.88,1894.943736,1880.21,1933.14,1881.227822,1810.65,2324.943145,1907.16,2040.566535,2645.083519,1754.590283,,1603.865791,1808.24,1812.51
12/31/75,2010.61,1893.693648,1872.36,1934.72,1891.055843,1812.06,2319.007751,1916.61,2037.823542,2671.599131,1709.214396,,1598.555658,1804.23,1818.98
03/31/76,2017.12,1898.031885,1866.04,1931.38,1907.168583,1821.81,2311.642595,1894.68,2048.041628,2707.564433,1714.761461,,1607.433899,1802.35,1819.74
06/30/76,2028.62,1906.450498,1862.69,1927.71,1914.231856,1827.67,2318.779873,1907.82,2061.958181,2720.081186,1649.994089,,1616.617622,1803.06,1810.25
09/30/76,2033.96,1911.582657,1850.25,1904.56,1912.525416,1830.45,2321.08433,1921.08,2066.137942,2735.701069,1658.726988,,1608.972229,1805.77,1808.08
12/31/76,2024.98,1920.174949,1838.61,1930.06,1903.379368,1827.25,2316.537233,1906.67,2072.982485,2726.595724,1659.985194,,1608.457928,1809.39,1812.28
03/31/77,2024.11,1927.951906,1823.52,1923.93,1887.830632,1818.19,2296.29917,1896.40,2074.855465,2694.13517,1648.090333,,1601.631182,1812.97,1806.84
06/30/77,2028.53,1924.253398,1841.49,1906.21,1874.933915,1809.36,2286.943225,1883.89,2064.177125,2687.874886,1643.081436,,1584.800445,1815.37,1814.95
09/30/77,2028.06,1912.797636,1838.26,1921.32,1863.972796,1804.39,2285.989771,1859.94,2068.106167,2687.453579,1620.618515,,1579.672358,1816.08,1814.70
12/31/77,2031.99,1895.250382,1825.88,1909.78,1854.295632,1803.14,2274.918218,1849.91,2070.053352,2700.45737,1627.94696,,1567.218482,1816.10,1813.87
03/31/78,2034.06,1866.087794,1817.10,1918.67,1847.610422,1792.88,2278.733035,1856.78,2064.873652,2704.428666,1548.25963,,1555.07794,1815.56,1803.61
06/30/78,2034.41,1850.195665,1830.75,1940.06,1842.020756,1793.99,2267.191649,1864.20,2074.52588,2722.588521,1678.739822,,1542.586037,1815.50,1827.36
09/30/78,2023.97,1845.989174,1830.76,1920.28,1836.067217,1784.65,2258.004605,1860.93,2075.068893,2729.682504,1577.573762,,1538.775496,1816.14,1822.74
12/31/78,2024.24,1853.845135,1838.47,1902.52,1831.118178,1787.43,2256.293141,1872.21,2078.764754,2733.242721,1587.441026,,1536.647135,1817.33,1828.75
03/31/79,2026.79,1867.990223,1838.84,1896.68,1827.202356,1776.00,2260.282786,1861.92,2076.290216,2723.597808,1590.865617,,1533.303796,1817.88,1820.25
06/30/79,2054.25,1882.409618,1834.72,1896.68,1828.951477,1782.06,2248.075968,1830.12,2075.090668,2710.656135,1575.231801,,1538.76928,1816.76,1810.69
09/30/79,2032.68,1897.332032,1837.02,1896.10,1835.860563,1774.15,2236.474341,1861.01,2079.326879,2712.165099,1563.937397,,1533.079855,1813.72,1822.67
12/31/79,2026.95,1900.459227,1830.62,1894.68,1848.774254,1778.67,2227.464814,1873.04,2082.576753,2683.512667,1578.136641,,1523.868815,1808.18,1824.84
03/31/80,2019.98,1905.172445,1823.02,1870.10,1813.832533,1778.37,2219.829514,1874.91,2084.117118,2699.579969,1588.440176,,1528.509968,1800.23,1814.85
06/30/80,2037.23,1900.600959,1827.35,1878.76,1826.178826,1764.58,2210.08264,1854.42,2085.430908,2708.023034,1583.170397,,1526.237409,1790.04,1801.93
09/30/80,2014.10,1893.019697,1823.12,1871.04,1832.869708,1751.61,2194.435771,1844.62,2077.613974,2691.314966,1573.044574,,1522.097007,1777.56,1800.78
12/31/80,2013.39,1869.40911,1823.50,1883.08,1831.844758,1740.21,2184.090645,1856.14,2070.132784,2671.003036,1563.516308,,1522.643767,1764.83,1804.68
03/31/81,2000.85,1844.894672,1818.94,1876.88,1823.012622,1741.40,2170.311901,1846.94,2074.87151,2652.428891,1556.051777,,1507.831256,1754.10,1803.26
06/30/81,2004.44,1829.669276,1810.00,1861.10,1813.813194,1733.18,2173.09147,1866.31,2071.158771,2671.693148,1569.398889,,1515.041613,1746.80,1787.69
09/30/81,1997.64,1818.582851,1808.13,1873.99,1803.83639,1741.23,2169.560599,1869.36,2077.032065,2675.844792,1570.611297,,1526.085926,1744.24,1775.29
12/31/81,1981.81,1822.915414,1803.63,1915.36,1783.924004,1730.82,2167.584385,1871.50,2074.181101,2709.94347,1572.184356,,1514.342546,1743.68,1787.76
03/31/82,1970.09,1836.875569,1798.09,1888.27,1757.703804,1736.06,2160.799496,1869.97,2075.248448,2754.041235,1541.719439,,1518.759684,1744.47,1767.68
06/30/82,1956.07,1844.789724,1787.83,1872.84,1737.258058,1726.11,2163.007129,1881.88,2071.595667,2787.222034,1550.130971,,1525.750381,1744.21,1782.83
09/30/82,1947.77,1849.130021,1782.39,1877.55,1722.046563,1725.41,2164.135009,1872.58,2070.626157,2818.302995,1556.030638,,1534.839685,1743.05,1777.66
12/31/82,1954.88,1849.302453,1779.92,1827.81,1715.068195,1714.99,2160.634167,1877.71,2079.773175,2810.426102,1572.455109,,1544.262943,1741.10,1773.65
03/31/83,1959.63,1844.81309,1769.85,1866.04,1715.227237,1711.48,2161.036679,1873.42,2074.671772,2778.687996,1515.305731,,1537.627659,1739.06,1780.14
06/30/83,1971.26,1839.860672,1784.91,1861.93,1715.684543,1713.44,2156.941048,1880.53,2079.708097,2752.677365,1588.58305,,1543.97253,1737.64,1782.09
09/30/83,1989.23,1837.073159,1783.22,1860.34,1714.978782,1712.58,2150.537942,1872.05,2080.289454,2782.73326,1553.989062,,1537.352223,1737.52,1788.85
12/31/83,2000.64,1838.339735,1774.07,1809.17,1714.060404,1712.99,2136.097871,1872.15,2086.635729,2755.875904,1546.48826,,1540.847092,1738.63,1786.87
03/31/84,1992.40,1836.128449,1780.71,1863.13,1714.315541,1710.43,2130.909402,1873.27,2085.575315,2724.939573,1587.951942,,1551.166962,1740.69,1798.90
06/30/84,1992.79,1834.83317,1781.83,1865.65,1712.671654,1691.32,2125.783347,1864.85,2097.964752,2747.815797,1522.954952,,1540.967259,1743.09,1806.18
09/30/84,1982.05,1841.582066,1788.90,1829.27,1707.048638,1698.53,2131.696344,1859.10,2097.095476,2760.452256,1534.602612,,1535.107289,1745.69,1801.57
12/31/84,1981.51,1831.534082,1796.79,1802.91,1697.866269,1706.14,2144.286201,1860.89,2096.813254,2756.752627,1538.894029,,1540.599508,1747.35,1799.54
03/31/85,1992.47,1831.08707,1794.74,1849.84,1684.79361,1680.70,2167.905666,1856.06,2091.616343,2757.410682,1547.889631,,1532.111699,1748.09,1803.76
06/30/85,2004.01,1831.332454,1793.58,1841.72,1674.440144,1681.29,2185.320059,1858.84,2078.932782,2766.766375,1516.706787,,1558.209922,1747.50,1807.93
09/30/85,2007.50,1833.931962,1796.98,1818.92,1667.854716,1674.41,2194.171975,1862.09,2081.113433,2734.26898,1554.343359,,1546.081111,1745.71,1805.66
12/31/85,2004.75,1831.717393,1803.14,1846.43,1664.569306,1677.87,2205.088901,1865.11,2077.663028,2731.514215,1541.508676,,1547.521314,1743.52,1804.90
03/31/86,1998.53,1833.581713,1804.73,1781.43,1665.503428,1665.33,2201.030043,1864.90,2083.486773,2687.56992,1454.405333,,1538.512698,1741.90,1793.39
06/30/86,1972.74,1834.236716,1793.45,1801.97,1666.501665,1665.73,2198.896552,1866.69,2072.917428,2668.321693,1602.520504,,1547.695052,1740.68,1789.90
09/30/86,1969.23,1826.529825,1785.20,1837.10,1667.956602,1652.23,2196.459202,1871.32,2089.70106,2682.012779,1552.515913,,1542.901639,1740.75,1779.49
12/31/86,1968.27,1829.718402,1797.01,1855.24,1671.661178,1654.86,2192.069927,1875.22,2087.230593,2712.013045,1531.044135,,1546.773144,1741.50,1783.19
03/31/87,1965.93,1824.471865,1808.23,1833.05,1675.426431,1640.09,2181.16422,1873.31,2081.585744,2722.188914,1511.939988,,1556.794365,1743.62,1792.17
06/30/87,1988.32,1820.618663,1809.51,1779.92,1677.660679,1637.33,2172.858337,1889.16,2084.188206,2776.630074,1541.146829,,1540.617597,1745.07,1785.23
09/30/87,1991.83,1815.486079,1807.21,1811.50,1680.81586,1633.86,2160.398106,1893.51,2093.239955,2777.862415,1477.014219,,1554.23547,1747.32,1782.71
12/31/87,2010.66,1815.463382,1811.73,1871.57,1685.803672,1634.74,2166.127692,1898.22,2098.383554,2773.289553,1502.586982,,1564.44267,1748.81,1797.91
03/31/88,2005.38,1817.304911,1809.51,1835.31,1690.011549,1647.85,2174.244596,1897.02,2088.209101,2777.092068,1513.563047,,1577.595715,1751.11,1795.36
06/30/88,1994.20,1819.120154,1819.98,1844.24,1691.072517,1625.40,2182.98344,1893.98,2082.620675,2793.104405,1511.634808,,1575.255394,1752.87,1806.56
09/30/88,1989.81,1823.779793,1816.40,1842.62,1689.818556,1626.19,2180.807552,1888.18,2079.139432,2792.060833,1521.060217,,1573.279888,1753.86,1803.47
12/31/88,2007.34,1827.841799,1814.90,1806.32,1684.866845,1626.54,2178.48189,1887.03,2091.387181,2747.724355,1498.407487,,1570.374242,1754.95,1808.82
03/31/89,2003.10,1831.721171,1803.99,1808.40,1676.788291,1626.98,2185.955052,1881.40,2045.022685,2720.925461,1469.9988,,1581.428801,1756.57,1813.99
06/30/89,1981.01,1836.146383,1810.25,1854.76,1672.748426,1605.04,2185.796628,1881.89,2080.74733,2722.962703,1550.459652,,1570.459221,1757.52,1819.85
09/30/89,1983.81,1837.509788,1817.62,1836.43,1673.553424,1603.24,2194.916743,1868.21,2071.396728,2727.665636,1501.016771,,1575.360093,1758.06,1817.04
12/31/89,1980.83,1838.700425,1804.82,1812.68,1668.567636,1598.58,2189.814748,1870.65,2067.994564,2718.388614,1511.212796,,1565.236366,1756.61,1819.55
03/31/90,1967.87,1831.384491,1805.53,1833.22,1675.610358,1595.39,2187.819671,1864.62,2046.861841,2688.748606,1531.991735,,1558.732753,1753.72,1806.78
06/30/90,1975.24,1832.435884,1800.98,1757.88,1669.445981,1592.18,2178.793997,1868.03,2047.598585,2678.321186,1468.823302,,1571.365349,1748.45,1792.53
09/30/90,1974.51,1840.054061,1801.91,1821.38,1666.595332,1583.54,2183.048886,1864.80,2018.048287,2670.137262,1497.010531,,1581.491908,1741.49,1799.34
12/31/90,1951.17,1840.203332,1796.09,1765.87,1659.971201,1570.59,2170.851493,1864.68,2020.313766,2672.703247,1502.922342,,1564.811444,1733.16,1799.51
03/31/91,1951.27,1848.591998,1784.57,1776.73,1659.614914,1563.77,2157.276962,1864.81,2036.77807,2668.350154,1440.3448,,1552.335,1726.29,1796.43
06/30/91,1950.18,1851.329238,1775.25,1792.46,1657.03592,1553.38,2149.185466,1857.15,2014.902541,2656.906601,1536.40051,,1546.69512,1720.22,1792.33
09/30/91,1964.05,1848.870231,1774.53,1761.78,1656.965569,1551.95,2138.325463,1855.92,2015.465728,2644.261499,1511.747369,,1551.472257,1716.14,1792.30
12/31/91,1979.30,1839.310745,1777.70,1758.11,1657.936664,1556.42,2127.853095,1856.22,1997.501593,2672.379915,1500.27769,,1573.629238,1714.27,1789.00
03/31/92,1973.12,1825.270867,1777.31,1769.37,1660.121041,1572.83,2113.779168,1862.38,1987.230356,2652.514834,1518.93635,,1577.578969,1711.74,1782.48
06/30/92,1972.25,1816.28397,1775.42,1816.38,1661.308428,1575.75,2110.718468,1866.61,1972.104797,2646.214423,1489.80174,,1562.740234,1719.30,1782.64
09/30/92,1965.94,1810.567178,1774.94,1725.73,1659.270967,1566.84,2094.793993,1863.78,1963.462344,2628.560338,1512.605963,,1567.593649,1710.94,1775.33
12/31/92,1969.48,1807.909086,1776.33,1801.95,1654.85961,1554.17,2089.490019,1853.34,1945.347328,2630.593589,1507.351451,,1584.571629,1706.97,1781.43
03/31/93,1980.08,1811.263707,1778.40,1758.43,1648.573322,1549.12,2077.895581,1855.50,1939.693588,2650.736201,1489.743717,,1576.599555,1709.61,1787.60
06/30/93,1978.96,1812.285648,1781.51,1769.45,1644.401991,1547.51,2070.988765,1869.06,1930.534048,2662.166387,1496.63577,,1605.228614,1709.56,1800.29
09/30/93,1977.83,1808.746709,1774.18,1771.58,1642.18498,1545.35,2074.09518,1859.69,1934.168229,2667.916084,1497.252603,,1618.910784,1707.75,1796.68
12/31/93,1987.89,1815.728369,1781.98,1822.08,1640.295044,1535.46,2077.894753,1861.85,1923.389598,2645.076644,1533.085873,,1620.409748,1706.05,1801.55
03/31/94,1987.23,1818.265114,1779.89,1786.17,1638.706283,1543.37,2078.229657,1859.15,1918.734405,2632.756346,1458.878859,,1630.588793,1711.67,1805.83
06/30/94,1997.26,1814.531739,1785.37,1791.88,1636.988934,1537.75,2070.546694,1852.60,1913.397455,2633.966922,1543.288655,,1653.771222,1713.26,1816.09
09/30/94,1999.89,1808.769457,1790.20,1831.45,1631.499343,1539.52,2076.323839,1852.43,1913.136758,2650.872028,1508.48951,,1644.325161,1720.56,1817.74
12/31/94,1996.36,1802.455901,1796.79,1793.21,1624.183988,1536.78,2083.767228,1857.91,1910.332028,2644.288602,1498.075912,,1645.252285,1731.44,1818.72
03/31/95,1995.52,1785.958359,1783.16,1831.71,1614.105256,1531.24,2088.537558,1850.07,1899.41599,2653.343542,1495.167274,1756.09,1650.129113,1725.45,1822.02
06/30/95,1997.38,1780.73363,1783.57,1785.52,1608.006641,1525.73,2088.871212,1857.40,1927.395691,2645.330361,1492.314849,1745.91,1639.919569,1722.30,1817.93
09/30/95,1991.87,1780.540321,1787.08,1811.61,1604.788964,1532.39,2088.405522,1857.82,1912.945074,2644.342634,1479.387449,1751.31,1649.357036,1718.14,1832.06
12/31/95,1987.97,1788.729902,1786.38,1777.92,1604.30317,1532.01,2079.022248,1864.81,1927.874694,2646.872356,1473.990635,1746.40,1654.635528,1719.02,1830.53
03/31/96,1992.72,1808.110214,1792.24,1833.49,1607.710532,1511.80,2099.835159,1876.04,1920.691905,2644.308323,1479.747335,1732.74,1661.63287,1720.06,1817.62
06/30/96,1976.18,1814.134594,1795.65,1796.74,1609.618004,1516.34,2099.594269,1854.36,1917.360738,2643.505145,1480.718918,1739.72,1664.236703,1723.15,1830.36
09/30/96,1979.93,1819.438295,1807.79,1796.73,1610.034569,1517.20,2092.081629,1873.08,1921.032402,2638.686991,1481.042083,1755.53,1653.733293,1720.57,1835.35
12/31/96,1975.94,1826.352442,1804.82,1775.73,1607.847906,1503.92,2085.298037,1866.65,1920.577207,2623.381299,1475.396789,1775.74,1666.708219,1717.14,1839.28
03/31/97,1979.08,1829.78906,1790.60,1732.43,1603.750732,1493.62,2072.518808,1849.92,1916.424367,2601.642987,1482.739488,1752.24,1677.06367,1720.19,1834.53
06/30/97,1981.07,1827.888122,1790.46,1831.02,1600.307239,1510.22,2051.912554,1865.57,1891.940779,2584.4737,1476.196835,1745.13,1657.1878,1720.57,1835.63
09/30/97,1977.76,1825.691145,1793.14,1796.69,1597.416973,1505.80,2021.540274,1863.35,1902.160683,2580.906597,1475.325835,1753.98,1660.071002,1720.53,1839.73
12/31/97,1982.86,1820.687219,1798.16,1801.98,1593.666261,1499.55,2007.029582,1867.27,1856.848935,2558.818511,1466.672912,1760.44,1672.092397,1715.64,1840.82
03/31/98,1984.43,1810.97422,1786.84,1781.48,1589.684744,1498.70,1971.930416,1871.32,1876.646488,2529.753203,1477.799928,1746.62,1663.673778,1721.39,1848.68
06/30/98,1979.84,1805.407724,1790.43,1752.95,1586.482504,1497.03,1952.903227,1878.19,1871.214779,2497.476575,1476.330214,1756.42,1662.187851,1719.07,1847.17
09/30/98,1970.02,1801.383614,1789.13,1783.30,1584.853489,1496.64,1946.695274,1875.60,1870.622312,2451.011546,1470.784015,1786.13,1663.006514,1718.26,1843.62
12/31/98,1974.48,1798.241098,1793.90,1799.75,1582.029719,1492.79,1933.770778,1877.04,1868.685834,2467.53268,1468.035885,1758.85,1669.505213,1702.21,1855.41
03/31/99,1972.89,1808.450516,1779.05,1764.04,1579.597706,1487.82,1958.723865,1866.04,1864.075113,2464.900684,1472.863968,1759.23,1668.869542,1707.09,1849.52
06/30/99,1973.13,1808.233444,1798.43,1795.98,1579.609095,1488.53,1938.791785,1879.06,1852.743005,2478.184409,1476.430067,1787.47,1669.391181,1707.88,1850.18
09/30/99,1986.34,1807.62493,1787.14,1762.96,1574.075448,1475.46,1937.608936,1869.54,1853.898932,2523.872909,1473.156017,1749.89,1686.509092,1708.19,1847.89
12/31/99,1996.40,1807.706655,1799.70,1806.68,1565.691418,1473.26,1926.212847,1871.50,1852.288082,2502.820283,1466.507478,1771.55,1669.790353,1705.81,1851.30
03/31/00,1991.78,1810.359357,1789.75,1793.22,1547.019552,1463.84,1935.885674,1863.89,1852.034424,2504.018369,1456.921217,1769.55,1659.012189,1679.25,1854.41
06/30/00,1973.65,1809.645287,1788.88,1765.17,1536.436281,1453.46,1931.98608,1852.34,1877.208464,2487.475569,1454.908825,1759.35,1654.336068,1693.26,1854.85
09/30/00,1965.11,1807.573343,1786.33,1788.11,1532.633233,1450.94,1932.799521,1852.40,1857.24846,2544.239369,1450.41514,1755.34,1655.143977,1689.14,1853.35
12/31/00,1942.23,1804.437558,1787.29,1722.29,1534.626316,1448.67,1924.697035,1841.45,1868.595924,2502.057109,1450.85459,1771.82,1633.590525,1703.39,1848.32
03/31/01,1940.01,1798.904174,1790.54,1773.98,1534.699843,1447.40,1931.486926,1852.46,1862.480594,2496.49641,1431.279652,1773.05,1628.261788,1693.33,1839.57
06/30/01,1926.35,1797.140025,1779.32,1751.89,1532.368057,1445.07,1927.551991,1840.23,1864.637302,2504.814052,1432.819596,1767.49,1623.233937,1699.29,1831.98
09/30/01,1921.41,1794.523593,1769.65,1743.37,1527.241921,1445.82,1916.187032,1829.56,1833.738637,2497.447916,1429.24189,1774.83,1624.857115,1696.10,1825.41
12/31/01,1913.09,1793.421086,1760.47,1722.46,1520.342734,1438.56,1914.173239,1835.78,1830.06646,2487.022761,1419.945794,1780.95,1629.231755,1688.30,1817.62
03/31/02,1908.25,1794.412274,1763.53,1733.44,1503.833112,1432.38,1911.523033,1825.27,1838.19554,2482.719721,1402.239016,1773.66,1606.105581,1685.18,1811.06
06/30/02,1904.50,1794.607863,1759.33,1764.25,1489.93599,1437.16,1903.279038,1834.53,1828.932201,2452.806475,1407.565445,1778.49,1614.547534,1669.43,1814.66
09/30/02,1900.68,1794.204501,1751.72,1733.19,1483.879323,1434.21,1894.902086,1829.72,1841.195168,2434.441187,1419.920686,1762.91,1601.478174,1681.31,1809.26
12/31/02,1899.45,1788.757574,1753.04,1724.29,1480.731883,1429.02,1899.763646,1824.48,1834.476875,2451.784499,1423.674082,1789.31,1590.975899,1673.17,1803.33
03/31/03,1900.15,1786.999211,1754.20,1730.81,1480.519728,1427.75,1883.135513,1826.93,1835.720302,2450.241165,1390.512816,1769.72,1594.516678,1672.09,1790.28
06/30/03,1901.87,1783.946015,1742.46,1713.77,1482.177456,1427.40,1881.143335,1816.44,1834.527158,2442.506527,1402.362506,1756.21,1581.675245,1669.12,1785.97
09/30/03,1903.10,1784.878098,1737.88,1729.68,1487.539281,1429.52,1884.52763,1814.89,1860.79135,2386.856684,1409.381819,1757.84,1583.233819,1669.33,1783.56
12/31/03,1907.76,1784.141109,1752.88,1744.39,1496.1229,1424.07,1892.719648,1811.69,1823.791776,2418.125385,1407.224437,1784.36,1601.411606,1658.59,1786.17
03/31/04,1911.16,1787.908159,1758.59,1732.43,1507.012971,1428.27,1868.53789,1817.20,1846.488292,2421.814942,1417.756539,1755.60,1613.930344,1666.71,1792.00
06/30/04,1910.23,1788.902638,1760.11,1734.68,1514.875746,1420.96,1871.073349,1816.03,1843.555021,2358.155399,1417.19728,1755.87,1618.034529,1660.30,1786.55
09/30/04,1900.54,1790.151457,1758.74,1725.52,1520.031378,1421.26,1883.722255,1816.71,1847.008599,2412.338396,1423.509231,1744.87,1612.404163,1661.48,1787.27
12/31/04,1898.96,1785.008848,1758.22,1734.14,1520.641711,1426.22,1870.233801,1816.01,1849.860813,2377.398188,1426.876287,1755.45,1612.966477,1672.65,1784.17
03/31/05,1903.02,1770.727252,1751.25,1692.96,1517.342052,1400.82,1877.077385,1813.32,1841.746677,2350.394248,1422.841878,1722.29,1611.763013,1667.29,1784.93
06/30/05,1893.53,1773.481175,1749.63,1745.08,1512.874256,1420.88,1893.696445,1815.66,1834.10564,2370.547653,1425.645769,1758.71,1620.051098,1664.83,1785.03
09/30/05,1886.58,1758.333864,1743.41,1732.06,1507.802319,1412.82,1879.985544,1810.21,1834.967908,2352.008426,1426.103263,1726.01,1613.065848,1669.35,1782.96
12/31/05,1877.79,1757.377699,1743.11,1716.10,1500.501295,1418.13,1874.780476,1814.76,1819.948756,2332.727341,1426.718481,1740.38,1608.434796,1671.66,1781.01
03/31/06,1867.33,1759.929615,1747.73,1770.48,1490.219178,1424.80,1886.939438,1807.70,1823.701692,2350.239771,1430.193933,1735.23,1612.400419,1666.18,1783.70
06/30/06,1871.96,1747.736059,1745.53,1699.33,1485.061667,1425.26,1863.922072,1808.69,1847.824061,2334.745409,1421.36511,1723.02,1605.929299,1660.67,1780.52
09/30/06,1870.79,1738.422279,1738.29,1713.90,1484.135939,1425.72,1880.465877,1818.03,1832.712094,2363.347047,1419.214726,1728.59,1606.630148,1658.62,1784.00
12/31/06,1874.87,1741.792037,1731.74,1686.26,1486.942581,1432.95,1878.226186,1823.54,1858.613273,2337.341873,1418.558082,1720.29,1604.230349,1663.69,1785.70
03/31/07,1865.84,1738.832983,1725.78,1756.88,1494.364593,1428.52,1873.819874,1823.89,1844.563907,2292.09889,1448.817298,1708.55,1610.17192,1667.65,1777.48
06/30/07,1870.51,1736.530729,1735.46,1711.57,1500.508916,1427.28,1855.735005,1817.86,1841.578993,2317.994711,1434.118709,1711.92,1616.269827,1667.67,1780.68
09/30/07,1857.30,1736.70575,1730.90,1686.25,1505.953064,1424.31,1856.971044,1820.93,1814.072598,2303.851818,1425.039513,1717.13,1616.361947,1665.40,1776.92
12/31/07,1859.31,1735.788307,1726.93,1707.14,1509.644483,1424.62,1867.07568,1815.29,1826.543215,2311.700137,1417.288954,1717.21,1634.635603,1656.44,1774.76
03/31/08,1843.02,1737.997487,1725.05,1680.50,1512.433898,1426.54,1846.478339,1821.16,1835.619568,2318.251017,1428.512697,1704.05,1620.701366,1671.13,1772.56
06/30/08,1843.29,1738.627505,1717.58,1727.49,1511.985556,1434.04,1852.319277,1808.88,1825.982292,2260.936515,1434.878601,1727.07,1640.274643,1650.46,1771.06
09/30/08,1844.38,1726.176672,1714.66,1727.96,1510.000859,1417.46,1845.071393,1806.56,1823.282856,2189.938285,1441.800646,1717.87,1620.242799,1659.34,1763.86
12/31/08,1834.30,1713.038326,1701.47,1701.54,1504.099609,1402.65,1825.80464,1797.34,1761.668647,2216.476924,1440.035096,1746.06,1620.34503,1652.25,1754.19
03/31/09,1835.55,1687.978099,1685.14,1658.20,1495.704847,1385.28,1842.146533,1778.82,1760.1172,2221.2021,1404.151184,1725.74,1616.990109,1633.17,1742.39
06/30/09,1821.99,1673.006899,1672.07,1664.70,1490.815522,1370.34,1830.786404,1779.78,1755.202442,2214.587766,1417.844593,1728.73,1608.060911,1642.85,1734.26
09/30/09,1812.88,1670.013899,1676.61,1715.65,1489.332577,1372.79,1800.001657,1771.88,1768.395841,2270.326289,1417.493394,1731.96,1629.322024,1635.17,1724.79
12/31/09,1818.60,1664.718871,1680.21,1701.55,1490.541323,1372.00,1768.848841,1779.34,1762.324506,2223.476594,1417.90257,1736.81,1615.024738,1634.07,1727.75
03/31/10,1810.94,1663.529721,1689.80,1700.87,1492.593974,1379.59,1833.557226,1784.38,1769.418909,2109.946666,1426.687248,1714.00,1631.765174,1636.96,1729.40
06/30/10,1823.93,1670.450296,1690.44,1695.68,1497.166101,1391.85,1805.582708,1779.80,1776.673162,2210.176976,1426.060108,1736.25,1639.748038,1641.00,1739.73
09/30/10,1815.77,1671.794362,1680.18,1676.68,1497.259589,1392.69,1794.753299,1777.34,1786.243354,2257.35579,1419.329693,1719.76,1653.940442,1638.38,1745.72
12/31/10,1810.39,1673.934501,1689.79,1695.28,1499.409508,1404.39,1763.92794,1772.32,1797.920181,2172.081205,1421.247315,1712.97,1648.483807,1648.91,1750.46
03/31/11,1812.69,1676.56157,1678.35,1702.30,1500.479921,1401.60,1709.893316,1781.08,1788.367333,2185.974537,1419.103711,1735.63,1646.228751,1643.11,1750.87
06/30/11,1803.37,1682.841647,1678.57,1692.10,1498.938368,1395.48,1697.461293,1776.32,1748.58573,2155.66475,1423.993631,1720.56,1649.201809,1625.24,1757.91
09/30/11,1814.52,1677.404568,1687.60,1673.65,1497.577571,1392.48,1695.843966,1773.63,1764.558169,1909.633904,1432.07162,1728.56,1639.58548,1643.89,1761.70
12/31/11,1822.46,1670.91665,1689.62,1676.12,1497.447275,1390.99,1698.962244,1766.79,1808.693036,2110.218229,1434.125457,1722.38,1630.879908,1645.02,1763.09
03/31/12,1811.76,1669.891743,1694.49,1726.51,1497.603412,1389.21,1728.023714,1743.74,1801.000392,2178.798175,1434.108528,1717.95,1638.362034,1648.48,1758.94
06/30/12,1809.41,1653.102618,1696.96,1655.88,1495.007565,1374.71,1689.758766,1738.32,1798.359947,2173.048053,1426.847006,1710.66,1619.569427,1646.31,1751.42
09/30/12,1802.88,1646.310636,1697.89,1654.01,1491.30702,1375.15,1702.140956,1735.25,1781.520917,2158.553267,1423.936692,1715.13,1618.270272,1659.21,1759.38
12/31/12,1805.00,1646.368328,1689.02,1659.08,1486.483253,1369.35,1702.220229,1724.38,1769.425687,2143.144017,1416.417165,1703.01,1629.382862,1655.20,1759.81
03/31/13,1795.24,1639.95482,1688.67,1671.67,1480.806941,1356.08,1722.526291,1718.35,1756.44362,2038.936583,1406.983327,1699.87,1606.215399,1661.06,1760.08
06/30/13,1801.42,1637.983298,1686.31,1679.76,1475.9301,1365.81,1716.756449,1720.65,1766.861361,2073.035058,1415.086583,1706.99,1629.020892,1660.53,1760.34
09/30/13,1806.86,1637.59954,1683.79,1653.00,1472.762935,1369.45,1714.315613,1725.71,1772.248156,2108.349414,1421.346032,1701.75,1616.256019,1672.05,1761.76
12/31/13,1797.55,1640.102333,1687.42,1650.46,1468.77562,1365.01,1720.500713,1720.94,1770.538189,2097.162515,1417.968314,1709.97,1617.905473,1663.51,1763.43
03/31/14,1797.03,1636.71,1689.54,1659.84,1465.88,1372.04,1726.05,1717.33,1773.20,2127.80,1410.31,1708.30,1620.143024,1665.03,1757.55
06/31/14,1799.256908,1629.872508,1681.03152,1634.9657,1464.729145,1366.774018,1734.905413,1714.551833,1766.499915,2134.510392,1416.599577,1706.126263,1612.36382,1671.369807,1767.365354
09/31/14,1792.39693,1627.077722,1681.508024,1668.189313,1465.32977,1369.586598,1731.796491,1717.621747,1774.062211,2126.918811,1419.885088,1705.617132,1621.10401,1671.65329,1768.260567
12/31/14,1784.385096,1621.962423,1682.055334,1675.663371,1466.277025,1371.987576,1725.307073,1724.135348,1732.281832,2108.286845,1422.569715,1710.607064,1615.786929,1673.076924,1772.507286
03/31/15,1799.534894,1612.368169,1680.505196,1643.481075,1469.164838,1373.467544,1739.804132,1717.794481,1755.762127,2125.802923,1421.595581,1704.221449,1613.754028,1665.743226,1774.12414
06/31/15,1798.066315,1608.802398,1687.717653,1662.818841,1470.433347,1371.629134,1735.74031,1727.185675,1754.802102,2113.611595,1418.845585,1713.086465,1618.704705,1665.901784,1774.941903
09/31/15,1791.272099,1609.111481,1689.118715,1682.333086,1470.112023,1367.778104,1738.353843,1726.677295,1755.412562,2115.59631,1416.474243,1717.143942,1623.193663,1657.574679,1773.579047
12/31/15,1788.192858,1605.291276,1684.830686,1670.316846,1468.530486,1367.512543,1744.128735,1725.999524,1756.001592,2102.497717,1416.446387,1712.302958,1621.7869,1675.922324,1771.1367
03/31/16,1786.944018,1600.875831,1689.890634,1650.932681,1463.206919,1358.039505,1730.009672,1737.358389,1752.454527,2106.812013,1420.611457,1709.796863,1633.816426,1668.191342,1771.309779
06/31/16,1769.670714,1603.434297,1685.98689,1736.830869,1460.130059,1368.168121,1742.887807,1729.04256,1749.010905,2063.188194,1419.586006,1710.807718,1630.060906,1664.252047,1769.65519
09/31/16,1774.47922,1602.247641,1680.233594,1654.649185,1457.833908,1362.130651,1747.12611,1729.279008,1748.441078,2095.489784,1424.134387,1706.999422,1632.769534,1667.694512,1767.729276
12/31/16,1778,1601,1674,1649,1457,1360,1742,1730,1744,2088,1425,1695,1621,1669,1761
,,,,,,,,,,,,,,,
,,,,,,,,,,,,,,,
